Price,Close,High,Low,Open,Volume
Ticker,ASELS.IS,ASELS.IS,ASELS.IS,ASELS.IS,ASELS.IS
Date,,,,,
2023-03-27,28.22536277770996,28.524306716668267,27.65238467729413,28.300097812129934,69735456
2023-03-28,26.531341552734375,28.39974588743398,26.531341552734375,28.250273920785848,60075182
2023-03-29,27.02958106994629,27.02958106994629,26.033098818519697,26.531339944232993,68165344
2023-03-30,26.38187026977539,27.37835260743913,26.35695859146164,27.029583409128975,75131346
2023-03-31,25.883628845214844,26.75555088205608,25.80889191037277,26.531341978169063,76935354
2023-04-03,25.435211181640625,25.759068700273385,24.633042599096683,25.709243443216458,81018788
2023-04-04,26.50642967224121,26.50642967224121,25.33556182440534,25.50994736802642,66286316
2023-04-05,25.9832763671875,26.70572450401179,25.88362775846166,26.556252541242596,54832594
2023-04-06,26.356958389282227,26.381870067404883,25.833803645510407,25.833803645510407,41599006
2023-04-07,25.9832763671875,26.556252541242596,25.958362789526696,26.332043646769243,35896384
2023-04-10,26.929933547973633,27.07940551157255,26.10783679786003,26.10783679786003,49765000
2023-04-11,26.655900955200195,27.15414209454973,26.506428993523155,27.029581809712347,45532638
2023-04-12,27.42817497253418,27.552735260239274,26.63098989147723,26.680813246303607,98529140
2023-04-13,26.880111694335938,27.60256177614315,26.880111694335938,27.47800148275016,57240710
2023-04-14,26.356958389282227,27.30361546241761,26.307133132397706,26.929934588660146,42177496
2023-04-17,25.933452606201172,26.680814363732267,25.858717570831605,26.48151903544085,52505902
2023-04-18,25.80889129638672,27.079405854002363,25.759067941436758,26.381869381507087,55175532
2023-04-19,26.406780242919922,26.85519802616854,25.460121323012434,25.80889049880146,56692662
2023-04-20,25.883628845214844,26.132749427169482,25.759068554237523,25.98327745812454,14089458
2023-04-24,25.609596252441406,26.406781344082567,25.584682674058286,26.008188798261987,40194408
2023-04-25,24.862234115600586,25.883628091754463,24.812408860276527,25.65941919439406,33953932
2023-04-26,24.13479995727539,24.986793744803517,24.11487175630982,24.81240820672132,61892452
2023-04-27,23.59670066833496,24.493534339212605,23.59670066833496,24.114871909513727,61630948
2023-04-28,22.28134536743164,23.756138750439955,21.94254122530281,23.606666782004105,55590330
2023-05-02,21.48415756225586,22.520500052401797,21.44429925913285,22.281344531746377,58279312
2023-05-03,21.115461349487305,21.633630722604146,20.38802779567468,21.48415875150046,71373566
2023-05-04,20.926128387451172,21.72331347052698,20.72683116636264,20.926128387451172,48500006
2023-05-05,20.128942489624023,21.075599499879186,20.009363781683213,20.926127540432486,38148790
2023-05-08,20.74675941467285,20.946056617952223,20.049223004473028,20.3780620594367,44267002
2023-05-09,19.949575424194336,21.085564599384767,19.859891868190978,20.74676047684743,65017160
2023-05-10,19.441370010375977,20.13890648391403,19.32179129742248,19.97946946706881,33066224
2023-05-11,20.90619659423828,21.125423899831524,19.43140335951559,19.441368409827916,111256504
2023-05-12,20.55742835998535,21.175248202649744,20.089082378086232,20.94605773708033,66770276
2023-05-15,20.188732147216797,21.992364624595744,20.059188380514904,20.55742954337621,115817526
2023-05-16,21.304790496826172,21.414404156791303,20.278414955840425,20.31827325905739,93555782
2023-05-17,21.563875198364258,21.982397817770543,21.24500118370024,21.36457988951877,90362982
2023-05-18,21.015811920166016,21.70338524134447,20.686972836235306,21.653559985816088,54758428
2023-05-22,20.726831436157227,21.41440476715951,20.338203940679023,21.12542588352267,66820336
2023-05-23,20.567394256591797,21.005847004880764,20.477710696699983,20.686972969993942,47858222
2023-05-24,20.158836364746094,20.69693771616735,19.979469247605675,20.537500701073455,50114648
2023-05-25,20.049224853515625,20.338203734218943,19.829997529562245,20.218626921734522,46186762
2023-05-26,21.79306983947754,22.052153578018384,20.04922572628168,20.04922572628168,122829696
2023-05-29,23.965396881103516,23.965396881103516,22.530463837773294,22.968914650693574,117416060
2023-05-30,24.413816452026367,25.211001535102174,24.025188961606805,24.463639806978918,171001340
2023-05-31,23.666454315185547,24.603148197102374,23.46715709753886,24.373955826616942,110750694
2023-06-01,23.766103744506836,24.35402846615896,23.696350286114075,23.756138693216556,68833498
2023-06-02,24.44371223449707,24.802444580794415,24.214519854154712,24.324133518638483,134435160
2023-06-05,25.460121154785156,25.634506691846973,24.84230321376828,24.91205666833737,103202290
2023-06-06,25.933452606201172,27.25379247142847,25.933452606201172,26.107838156675303,182043016
2023-06-07,27.054494857788086,27.253792083884772,26.406781723932674,26.581165371287867,161013452
2023-06-08,27.20396614074707,27.328526428755325,26.38186938027609,26.92993388725674,112848506
2023-06-09,27.702205657958984,27.85167951525915,26.855197269999632,27.403261744636747,106546850
2023-06-12,26.979759216308594,28.200448521602056,26.929933960586123,27.901504589823894,90213886
2023-06-13,25.908538818359375,27.07940471624114,25.8338018884354,26.97975801052794,81987718
2023-06-14,26.033100128173828,26.655901566646886,25.41029868970077,25.908539840479218,85248970
2023-06-15,26.356958389282227,26.43169342365019,25.908540580517585,26.058012549892727,55001784
2023-06-16,26.182573318481445,27.10432063093782,26.157661639904624,26.6060794568444,76744852
2023-06-19,24.66293716430664,26.15766062881007,24.56328855321191,26.10783727358229,61362146
2023-06-20,24.15473175048828,24.936970237181924,24.084978290626058,24.56328935880066,79865244
2023-06-21,24.413816452026367,25.03661789212908,24.12483567151191,24.214519230937835,87859892
2023-06-22,25.63450813293457,25.63450813293457,24.07501276564801,24.463640263316925,97847542
2023-06-23,26.356958389282227,26.406781745527535,25.58468306300543,26.207484519267872,71721224
2023-06-26,27.32852554321289,27.40326247385176,26.456603555408517,26.506428809380797,76546926
2023-06-27,27.12923240661621,27.20396744261417,26.905023497343826,27.154144085282198,27652004
2023-07-03,28.52430534362793,28.648865628971283,27.527823060881104,27.85168056302947,123337278
2023-07-04,29.67026138305664,29.819733354380606,28.524307068720603,28.922899625797587,165159914
2023-07-05,29.645347595214844,30.11867705459399,28.49939336241839,29.670259271889726,140414348
2023-07-06,29.196929931640625,30.068851923292815,29.196929931640625,29.76990800069628,100299000
2023-07-07,29.421140670776367,29.94429351848001,28.947811179753366,29.047459793753873,103586036
2023-07-10,30.691654205322266,30.940774781341567,30.293061663819216,30.64183085037407,127667630
2023-07-11,31.588489532470703,32.13655403482446,31.015511452214298,31.83761010638407,152843776
2023-07-12,31.538665771484375,32.01199526447212,30.94077598563876,31.339370443295326,137298190
2023-07-13,33.88039779663086,34.55302258086714,31.3393687221392,31.3393687221392,330152130
2023-07-14,34.62775802612305,35.698977200136426,33.33233186741579,34.25407718411452,216331796
2023-07-17,36.869842529296875,37.61720420218803,34.52811080808248,34.851964491979544,225620128
2023-07-18,34.62775802612305,38.46421315023264,34.62775802612305,37.36808420085221,259386594
2023-07-19,35.67406463623047,35.74880156700947,33.95513423470436,34.6028454318066,174493980
2023-07-20,36.69546127319336,37.168788842801405,35.69897897820523,36.86984491456062,152610080
2023-07-21,35.9730110168457,36.570902702665805,35.27547641863995,36.47125218772322,101943644
2023-07-24,35.02635192871094,36.57089862600041,34.403550534539534,36.072657510663284,118180550
2023-07-25,35.32529830932617,36.471250674015636,34.25407907614383,35.02635437946276,184744208
2023-07-26,37.019317626953125,37.168787685781545,35.001439521904985,35.35020679378281,153631664
2023-07-27,36.49616622924805,37.66703223539143,36.371605934950274,37.34317470996151,127180366
2023-07-28,37.193702697753906,37.667030270887906,36.6207246136118,36.8200218343497,146447036
2023-07-31,37.16878890991211,38.09053427418474,37.04422862281369,37.36808612952523,134665650
2023-08-01,37.14387893676758,38.538951864122915,36.5958106354112,37.11896535896837,177627908
2023-08-02,39.211578369140625,39.211578369140625,37.14388056464806,37.318264213050284,158411726
2023-08-03,38.115447998046875,39.56034809417621,37.81650406812178,39.26140416425111,124222306
2023-08-04,38.21509552001953,38.53895303485598,37.46773377867929,38.16527216418586,103358154
2023-08-07,39.06210708618164,39.635085171371166,38.464215422874965,39.26140430728386,93382256
2023-08-08,37.86632537841797,39.28631181985302,37.691941745483504,39.13684176359981,86349174
2023-08-09,38.613685607910156,38.96245286063171,37.4179061965709,37.542466472725444,97013926
2023-08-10,37.31826400756836,40.133327349230136,36.79510926396382,38.68842721090761,174970668
2023-08-11,39.08701705932617,39.31122785967159,37.21861272950602,37.31826324119677,143994248
2023-08-14,38.81298828125,40.43227209951998,38.51404433659432,39.610173400757986,111411464
2023-08-15,39.36104965209961,39.80946743370828,38.16527016823588,38.912631870490934,99237052
2023-08-16,37.11896514892578,38.414391360310496,37.11896514892578,38.01580072672657,136096148
2023-08-17,36.91967010498047,37.76668237860722,36.91967010498047,37.7168552203574,91263838
2023-08-18,35.20073699951172,37.293348249062376,34.85196592373448,36.994404327880595,94952460
2023-08-21,36.795108795166016,37.1438798868849,34.77723438399725,34.95161802921751,103062902
2023-08-22,36.47125244140625,36.969493615749386,35.94810148911305,36.79510996498499,69584162
2023-08-23,36.24704360961914,37.218612330190396,36.122483322300866,36.521077762230675,104425132
2023-08-24,36.869842529296875,38.538949505164844,36.37160141403611,36.37160141403611,186398638
2023-08-25,37.64710235595703,38.24499405290784,36.570903383491235,36.86984733132737,83352906
2023-08-28,39.22154235839844,39.460695972061906,37.96597258219171,37.96597258219171,114588213
2023-08-29,38.50407409667969,39.659993371586786,38.12540977176652,39.28132904667362,63295810
2023-08-31,38.384498596191406,39.361050792614265,38.26492178472367,38.56386571403216,102372288
2023-09-01,38.58379364013672,39.20161156603483,38.304776027410085,38.58379364013672,70189686
2023-09-04,38.42435836791992,39.16175313182858,38.26492135399819,38.86280920588512,80330654
2023-09-05,38.364566802978516,38.44428720796184,37.70688866697858,38.42435710671601,55299481
2023-09-06,41.03514099121094,41.95190287306021,38.8030189898694,38.862809295707585,262034834
2023-09-07,41.852256774902344,42.80887887459331,40.676407351886155,41.114858197258265,145721826
2023-09-08,43.34697723388672,43.38683743560392,41.53337986981255,41.85225388099407,127507385
2023-09-11,41.37394714355469,43.8053626806161,41.17464991563329,43.506418739373224,80393859
2023-09-12,42.609580993652344,42.90852872129479,40.71626692582697,41.51345199655756,103169982
2023-09-13,41.15471649169922,42.64943987857409,40.756125869299474,42.27077555620791,69785727
2023-09-14,41.553314208984375,41.553314208984375,39.400912513331576,41.09493324631722,68822478
2023-09-15,40.67640686035156,42.230920604523355,40.457179539675494,41.61309884648684,81368095
2023-09-18,38.304779052734375,40.39739420770819,38.304779052734375,40.35753400255934,57030959
2023-09-19,39.460697174072266,39.91908191656669,38.04569414650632,38.30477786941337,84333215
2023-09-20,37.86632537841797,39.83935977092953,37.86632537841797,39.46069545278748,53073789
2023-09-21,39.719783782958984,39.799500387678684,37.30829471941762,37.726819248350125,62283935
2023-09-22,40.377464294433594,41.373946620156204,39.540418988775464,39.7197861115078,75305563
2023-09-25,42.15119934082031,42.25084984877653,40.47710881993773,40.47710881993773,68432473
2023-09-26,40.85577392578125,42.45014407066628,40.656476707351054,42.43021776997371,60832577
2023-09-27,40.45718002319336,41.21450870297364,39.97886897341133,40.85577446531754,44659256
2023-09-28,40.178165435791016,40.915563999412996,40.09844882963846,40.35753255123208,44688324
2023-09-29,40.65647888183594,41.094933546088484,40.13830760671469,40.27781452669378,58901834
2023-10-02,41.39387512207031,41.892116265664,40.6963367607835,40.6963367607835,78343290
2023-10-03,41.15471649169922,42.21098905355093,40.95541927986027,41.39387390616158,60202474
2023-10-04,40.437252044677734,41.314153698926916,40.437252044677734,41.055069983189235,46406796
2023-10-05,41.51345443725586,41.63303125457616,39.79950358345817,40.497041986837125,76083346
2023-10-06,40.77605438232422,41.51345296576485,40.616617364455756,40.87570489429098,39234858
2023-10-09,43.72564697265625,44.18402794544095,41.47359471283831,41.47359471283831,236318919
2023-10-10,42.729164123535156,43.88508349454011,42.41029007644954,42.84874094087264,132732566
2023-10-11,41.83232498168945,43.30711827608413,41.53338106277994,43.048034560036726,74384917
2023-10-12,42.948387145996094,43.92494318005795,41.81239789155984,41.83232799442625,175339595
2023-10-13,42.45014572143555,43.84522250341934,42.45014572143555,42.76901976281268,93499381
2023-10-16,40.3575325012207,42.6693710959538,40.3575325012207,42.470073878902,60473167
2023-10-17,40.77605438232422,40.91556509907768,40.03865960016194,40.357533635898875,45576709
2023-10-18,39.56034851074219,41.69282004828176,39.50055820361626,41.513452928182325,56641759
2023-10-19,40.955421447753906,41.37394599489727,39.56034849359217,39.580278595958845,85686621
2023-10-20,39.9788703918457,42.5697267550188,39.440772817548385,40.97535273123263,102129926
2023-10-23,40.65647888183594,41.25437056910437,39.480629411614345,40.01873078977239,53915395
2023-10-24,41.79246520996094,42.05155272995927,40.596689521987194,40.79598293579735,53687009
2023-10-25,39.50055694580078,42.37042697472819,38.623651475602195,41.71274882239881,83796649
2023-10-26,41.314151763916016,41.951899773964854,39.301257231400626,39.91907894225368,73241388
2023-10-27,41.73268127441406,41.772537678861795,40.07852074956231,41.05507298218289,43546904
2023-10-30,41.73268127441406,42.39035946378215,41.15471969521988,41.61310065723555,50211763
2023-10-31,41.194580078125,42.31063923430895,40.87570603350102,41.79246796147536,50969876
2023-11-01,41.39387512207031,41.81239585807545,39.85929148749498,41.49352183027775,43257321
2023-11-02,43.24733352661133,43.606063963081226,41.29422532123529,41.45366233787024,86190501
2023-11-03,43.26726150512695,43.78543277960062,42.62951341386044,43.04803797455313,62031952
2023-11-06,44.184024810791016,44.861633070868535,43.66585356477419,43.7256438705263,49055482
2023-11-07,43.02810287475586,44.48296601416646,42.72915896685037,44.18402210626097,41836304
2023-11-08,42.74909210205078,43.46655677169689,42.66937169360216,43.147682740459,46174900
2023-11-09,42.52986526489258,42.66937217998961,41.593173262613725,42.41028845213489,37101855
2023-11-10,42.011695861816406,43.048038421524154,41.792468527687866,42.430220426854675,31546183
2023-11-13,40.97534942626953,42.15119879600749,40.85577261954582,42.01169188795013,27916607
2023-11-14,41.17464828491211,41.59317282709924,40.59669052823635,41.035141371275834,36394911
2023-11-15,40.85577392578125,41.5931724935895,40.576760100745936,41.33408496924676,30794034
2023-11-16,41.59317398071289,41.85225771304064,40.855775386539676,40.855775386539676,37283142
2023-11-17,42.07148361206055,42.41028774361243,41.49352205771041,41.6130988684704,33802389
2023-11-20,44.443111419677734,44.94135259613726,42.330569895847354,42.35049999905915,87684062
2023-11-21,46.296566009521484,46.296566009521484,43.92494091015359,44.24381493698084,79281023
2023-11-22,46.124568939208984,47.442413439603335,45.72522050519358,45.98479812984427,84592375
2023-11-23,46.44404602050781,47.761890516858,45.924894581268504,45.944862383754895,69027368
2023-11-24,47.721954345703125,48.24110577878312,45.425710405576545,46.523912870016126,79159062
2023-11-27,49.31934356689453,49.55894957363463,47.92162789652503,47.92162789652503,66608998
2023-11-28,48.46074676513672,49.778591217844,48.041430543746884,49.299375399447605,45802248
2023-11-29,47.921627044677734,49.07973287925203,47.821791845055486,48.520645859348704,44130651
2023-11-30,48.760257720947266,49.479083375558176,47.56221623275205,47.582184035210005,65551625
2023-12-01,48.42081069946289,49.53898093171841,47.90165928236993,49.39921012874507,31513859
2023-12-04,49.01982879638672,49.57891580855711,48.04142938144006,48.540612989584396,59969592
2023-12-05,49.49905014038086,50.317710981651295,48.90002750460595,49.1196695185703,48783953
2023-12-06,47.22277069091797,49.89839525548976,47.22277069091797,49.61885364107651,60273339
2023-12-07,46.743553161621094,47.44241098069222,45.864988937404,47.22276897252077,45758455
2023-12-08,46.10459899902344,47.66205324930951,45.805089591633084,46.843388616688394,43106358
2023-12-11,46.10459899902344,46.82342462353528,45.60541538388327,46.12456680064529,44543430
2023-12-12,45.74518585205078,46.304272867965686,45.106231438701585,46.10459866167688,37644641
2023-12-13,45.28593826293945,46.32424109848271,45.28593826293945,45.705250672407644,39398580
2023-12-14,46.52391052246094,47.24273613329561,45.565478913660485,45.66531791987012,39382612
2023-12-15,49.519012451171875,49.878425258729315,46.563846402206465,46.563846402206465,82705139
2023-12-18,47.442413330078125,50.31771214633196,47.422445527576556,49.51901528014501,48425326
2023-12-19,48.32097625732422,48.979898487720966,46.66368678035853,47.44241201397229,49615614
2023-12-20,45.944862365722656,48.320977542105275,45.944862365722656,48.320977542105275,36916613
2023-12-21,47.5422477722168,47.72195418338204,45.74518746903323,45.94486168238004,45267266
2023-12-22,45.525543212890625,47.70198403346913,45.525543212890625,47.54224543234726,29274980
2023-12-25,44.10786437988281,46.02472762706441,43.78838717201921,45.52554401371894,39458445
2023-12-26,43.448944091796875,44.866623788579886,43.0495956600014,44.5271787640944,47958048
2023-12-27,42.94976043701172,44.12783412096386,42.829957430914405,43.5687470783949,42364922
2023-12-28,44.70688247680664,45.58544668860115,43.089528661830464,43.089528661830464,40091534
2023-12-29,44.906558990478516,45.24600401191794,44.1877333430847,44.88659118822103,36849927
2024-01-02,46.82342529296875,47.04306349701184,45.066296809811234,45.365806221483666,46539543
2024-01-03,46.52391052246094,47.182832729569824,45.84502051411012,46.66368513115442,39344694
2024-01-04,47.38250732421875,47.50231413265819,46.48397911173516,46.583814310299324,43861988
2024-01-05,47.36254119873047,47.841757024039126,46.74355456709873,47.54224760927982,33674790
2024-01-08,47.56221389770508,48.16123651662838,47.302640095433084,47.56221389770508,43664505
2024-01-09,46.86335754394531,48.50068304004657,46.72358673770383,48.121302417056256,52583306
2024-01-10,47.4024772644043,47.821793495924304,46.40410999984194,46.8633580275081,57482399
2024-01-11,46.80345916748047,47.761890842549136,46.56384934447883,47.682019632058946,31073331
2024-01-12,47.462379455566406,48.38087548737121,46.14453500477852,47.063031036583325,76692839
2024-01-15,47.5422477722168,48.34094081713517,47.08299974744733,47.602151178761495,46519666
2024-01-16,48.00149917602539,48.32097639113464,47.12293493024054,47.58218295090148,53819627
2024-01-17,48.22113800048828,48.70035382930737,47.522280155284626,47.781857776188005,54705288
2024-01-18,48.32097625732422,49.35927529931963,48.22113724758604,48.60051786765351,58145208
2024-01-19,47.38250732421875,48.56058094792567,47.02309451583783,48.40084234514178,39019339
2024-01-22,47.04306411743164,47.96156397493855,46.843389904193714,47.42244474173681,38100419
2024-01-23,47.18283462524414,48.700353304382176,47.02309601735955,47.622118653278385,78260713
2024-01-24,48.32097625732422,48.620485669601145,47.36254080618175,47.96156343920439,55825331
2024-01-25,48.40084457397461,49.578918251931185,48.04143174904292,49.41917964179142,55345537
2024-01-26,49.099700927734375,49.31934293817013,48.18120109102293,48.50068211005165,58229593
2024-01-29,51.316078186035156,51.61558759941521,49.55894969285954,49.91836251230314,77168938
2024-01-30,50.766971588134766,51.81526021538364,50.517379783260026,51.415911804196575,53800307
2024-01-31,50.51737976074219,51.01656337026916,49.83848974710801,50.81689297323333,38591732
2024-02-01,51.21623992919922,51.71542356166406,50.46746448050195,50.51738208205466,52346448
2024-02-02,51.06648635864258,51.96501459852178,50.81689454615355,51.41591337273969,42299635
2024-02-05,52.264522552490234,52.564035765889145,51.06648493276944,51.11640253217969,63952284
2024-02-06,52.21460723876953,52.46419905521534,51.31607898464594,52.41428145361995,49009713
2024-02-07,51.16632080078125,52.61395405342394,51.16632080078125,52.41427984470275,46596542
2024-02-08,51.26615524291992,51.76533885310792,50.81689304052569,51.216237643594866,45379738
2024-02-09,52.014930725097656,52.514114335927644,51.1164025106849,51.565668522125634,84705277
2024-02-12,53.36273193359375,53.81199797175816,52.36436465254791,53.2628929204078,76921848
2024-02-13,54.86028289794922,55.50921934605377,52.91346593669768,53.412649577609926,98030608
2024-02-14,54.81036376953125,54.96011657255416,53.16305627699732,54.96011657255416,57461272
2024-02-15,55.75880813598633,56.40774835728954,54.7105233087393,54.8103623165768,50932459
2024-02-16,58.204811096191406,59.85211861555685,55.60905771682594,55.80873193257764,86096310
2024-02-19,58.404483795166016,59.75227805166694,57.95521777350944,58.404483795166016,71032522
2024-02-20,59.4527702331543,59.4527702331543,58.15489354239967,58.554241974232895,44216203
2024-02-21,60.30138397216797,60.55097578693941,58.853750684799834,59.90203554514612,68778436
2024-02-22,62.298118591308594,62.59762800782598,59.70236142839723,60.30138406990086,75583390
2024-02-23,63.19664764404297,64.24493251941118,61.149995495282404,62.29811938307119,60833216
2024-02-26,66.39141845703125,67.14019385316318,63.346399274455116,63.396316872503526,76750918
2024-02-27,63.146728515625,67.19011892189857,63.09681091485582,66.3914220757164,50795224
2024-02-28,60.800567626953125,64.69420146239166,60.800567626953125,63.146729163391186,63130683
2024-02-29,59.902034759521484,61.8488516508997,58.90366751352946,60.90040200551351,71158874
2024-03-01,59.10334014892578,60.800565183563684,58.90366594335626,59.90203316273517,36058195
2024-03-04,58.454402923583984,60.20154564688434,58.10497590231147,59.30301738855407,37331908
2024-03-05,56.50758361816406,59.10334069773354,56.50758361816406,58.454400475723986,46990196
2024-03-06,54.81036376953125,57.30628190460155,54.81036376953125,56.45766745359634,68492897
2024-03-07,57.156524658203125,57.156524658203125,55.05995497142075,55.10987257187389,42697326
2024-03-08,58.454402923583984,59.00350416064175,57.30628284763937,57.555874665253704,48483564
2024-03-11,56.50758361816406,59.951951318697965,56.35783081894791,59.902033718959245,43414821
2024-03-12,55.708892822265625,57.30628273699454,54.86028216740291,56.60742488732995,47136214
2024-03-13,55.50921630859375,56.80709675072082,55.10987170279743,56.008399922190705,34663801
2024-03-14,56.30791473388672,56.70725935100754,55.05995566450509,55.65897449442074,33423937
2024-03-15,57.55587387084961,57.60579147198972,55.958483975084185,56.50758520456308,30402466
2024-03-18,55.05995559692383,57.6057913336438,54.76044237386479,57.555873732623574,32974425
2024-03-19,56.10824203491211,56.507586662807384,54.91020053428839,55.05995715004221,36266869
2024-03-20,55.85865020751953,56.50758665594642,55.50921937362603,55.908567809941765,35420455
2024-03-21,57.80546569824219,58.45440213014975,56.30791481288326,56.30791481288326,98022438
2024-03-22,56.257991790771484,58.35456525526238,56.108238991609184,57.855381641117226,64620917
2024-03-25,55.1098747253418,57.90530235310842,54.91020050725798,56.2579948145031,57628255
2024-03-26,52.9134635925293,55.858647705127986,52.76370698350256,55.50921688688851,45063574
2024-03-27,55.60905838012695,56.35783384177551,52.01493387913249,53.911833238696424,70104564
2024-03-28,55.359466552734375,56.85701747584638,55.15979233462565,55.60905837325304,44828792
2024-03-29,56.008399963378906,56.70725778462232,55.409381150009544,55.70889055669422,36930435
2024-04-01,54.81036376953125,55.75880961408289,54.1115059300178,55.50921780057586,36518259
2024-04-02,52.36436462402344,55.90856770811173,51.71542436830956,54.91020042760974,40110433
2024-04-03,52.36436462402344,53.212975289062555,51.46583254818407,52.114772803897935,27609868
2024-04-04,53.7620735168457,54.66060554229837,52.31444408807123,52.71378869279674,35320938
2024-04-05,58.35456466674805,58.45439986518273,54.011664982402735,54.011664982402735,51084435
2024-04-08,58.70399475097656,59.153260784450985,58.05505831015253,58.554241945464355,42430061
2024-04-15,58.00513458251953,59.95195144415336,58.00513458251953,59.35293262909776,64499800
2024-04-16,58.454402923583984,59.10334317276882,57.456035653126634,57.75554507257006,38372646
2024-04-17,57.60578918457031,59.253092807595614,57.156523175211156,58.60415640160457,31102475
2024-04-18,57.55587387084961,58.45440211677812,56.807098428341426,57.65570907312983,29092246
2024-04-19,58.604156494140625,58.8038306995565,57.00676665928232,57.85538108018262,38894193
2024-04-22,57.70562744140625,59.50268776562216,57.70562744140625,59.15326074452728,42585102
2024-04-24,58.204811096191406,58.50432051558451,57.25636142772248,58.0550582907293,38922466
2024-04-25,57.356201171875,58.803834493965006,57.056691748659226,58.40448605736468,37597178
2024-04-26,59.003501892089844,59.752277316144124,57.306280644341804,57.45603344407141,58760762
2024-04-29,61.94868850708008,62.148362723306576,58.55424206510532,59.402852723481786,67954497
2024-04-30,60.65081024169922,61.8987693001704,60.3513008293599,61.44950327742701,50125618
2024-05-02,61.99860382080078,62.24819562975484,60.80056618459631,60.90040138479043,50934416
2024-05-03,62.09844207763672,63.09680930136571,61.399584259332684,62.09844207763672,48311287
2024-05-06,62.298118591308594,62.94705502568479,61.749013551146376,62.19827958015689,38288783
2024-05-07,62.198280334472656,62.947055789081396,60.95032124345808,62.34803694878197,47045760
2024-05-08,62.298118591308594,62.74738081185024,61.549343145780696,62.397953793991434,40599227
2024-05-09,63.296485900878906,63.89550473437614,62.29811863940428,62.29811863940428,54756132
2024-05-10,63.296485900878906,64.44460977496227,63.09681168689021,63.296485900878906,44107142
2024-05-13,62.298118591308594,63.79566948236439,62.19827958015689,63.29648585201245,37212454
2024-05-14,60.75064468383789,62.7473791524402,60.70072708381658,62.0485251352044,45554121
2024-05-15,59.852115631103516,61.349666461864395,59.45276721951313,60.900400450942385,28428829
2024-05-16,60.60089111328125,61.100074724085104,59.852115697075476,60.001868495235406,35385724
2024-05-17,61.349666595458984,61.84885020679963,60.85048298411834,60.900400583558664,45859069
2024-05-20,62.09844207763672,63.29648350780525,61.79893267221177,61.84885027170448,48112332
2024-05-21,61.29975128173828,63.39632100415752,61.19991227066617,62.298118541646275,73861881
2024-05-22,61.39958572387695,61.89876934764831,60.85048449942222,61.4994209252437,32854072
2024-05-23,60.40121841430664,62.497788108605796,60.40121841430664,61.449503261456215,48867670
2024-05-24,59.15325927734375,60.80056675529021,59.05342407621254,60.4012183338278,27191679
2024-05-27,59.95195388793945,60.40121992177869,59.103343230607805,59.402852650344336,32310422
2024-05-28,59.502685546875,60.15162577153214,59.35293274704787,60.05179057164739,21384092
2024-05-29,57.45603561401367,60.401219821551706,57.30628280862835,59.90203618666285,29777252
2024-05-30,60.001869201660156,60.15162581005193,58.604157360034804,58.604157360034804,53570111
2024-05-31,58.55424118041992,60.8005675099736,58.25472795637102,60.20154487034464,47345786
2024-06-03,60.30138397216797,60.50105437721004,58.25472804426706,58.853750684799834,34921062
2024-06-04,59.10334014892578,60.650808577269366,59.10334014892578,60.301381573874224,31677411
2024-06-05,58.90366744995117,59.752278084740915,58.404483827493955,59.40285107240838,44861364
2024-06-06,60.35129928588867,61.29974890776413,59.053422659965314,59.25309305743913,45916727
2024-06-07,60.55097579956055,61.59926066012533,60.05179216991361,60.900402816925855,33499436
2024-06-10,58.204811096191406,60.65081167009477,58.0051368804397,60.55097646645336,21200128
2024-06-11,56.90693283081055,58.404483694779245,56.50758441036471,58.005135274333405,41799829
2024-06-12,57.505950927734375,58.35456535836169,56.75717550519372,56.906932113089354,33627842
2024-06-13,60.05179214477539,60.40121916199443,58.20481043077359,58.504319846742604,38365449
2024-06-14,59.25309371948242,61.0501577845753,58.70399250335682,60.401217560128565,35075769
2024-06-20,60.60089111328125,60.90040051806982,59.95195089584876,60.20154270125069,25040106
2024-06-21,61.39958572387695,61.39958572387695,60.20154426513193,60.60089268753654,38508112
2024-06-24,61.64917755126953,62.04852597377459,60.650810303475694,61.599259950573604,35918879
2024-06-25,59.80220031738281,62.24819705433542,59.80220031738281,61.74901342500324,35275730
2024-06-26,58.8038330078125,60.301383894512625,58.454402182501155,59.80220026561258,25244854
2024-06-27,59.80220031738281,60.30138394671499,58.654076446531256,58.953585862436796,28291433
2024-06-28,58.50431823730469,60.25146089227417,58.2048088295751,59.902033884667766,39111123
2024-07-01,56.15815734863281,59.25309427468106,55.45929951771163,59.00350246424269,31245872
2024-07-02,56.857017517089844,56.857017517089844,55.35946659289153,56.35783387569041,23244482
2024-07-03,58.404483795166016,58.50431899621468,56.85701532809897,57.10660713918942,31200970
2024-07-04,60.001869201660156,61.10007544343945,59.602524593396666,60.60089182675852,38457594
2024-07-05,60.65081024169922,61.4994208780721,59.75227819621245,60.10170901766566,43403645
2024-07-08,63.19664764404297,63.89550549711141,60.40122004023813,61.00023888088599,64180844
2024-07-09,64.44461059570312,64.89387282231324,62.94705587595006,63.09681249046604,60439874
2024-07-10,64.89386749267578,65.34312968238866,63.99533549631283,64.54444049879497,63812135
2024-07-11,64.79403686523438,65.49289090226965,64.09517521126138,65.19338529365642,33859844
2024-07-12,63.695831298828125,65.9920752665889,63.496157082399165,64.74411617449402,42547337
2024-07-16,63.146728515625,63.94542536180717,62.747380092533916,63.79566875103081,27807460
2024-07-17,63.39632034301758,63.64591215539166,62.64754490589532,63.196646131424544,24499278
2024-07-18,63.04689407348633,64.74411537089442,62.69746324695553,63.64591290686932,30979314
2024-07-19,62.89713668823242,63.59599452423988,62.44787066447985,62.89713668823242,22694242
2024-07-22,63.146728515625,64.69420079875134,62.89713670331028,63.296485126401365,32933526
2024-07-23,64.19501495361328,64.69419856097593,62.94705212673794,63.14672633137674,48903634
2024-07-24,62.69746398925781,64.29485391130608,62.54771118337351,64.29485391130608,22064147
2024-07-25,64.34476470947266,64.49452131685452,62.048524658388125,62.2981164650454,30015677
2024-07-26,64.49452209472656,65.29321893243798,63.94542468362032,64.24493028505894,42463138
2024-07-29,62.597625732421875,65.7924016122389,62.497786724899285,64.8439481788836,52626884
2024-07-30,62.647544860839844,63.396320297423586,62.34803544790011,62.697462461585,29716379
2024-07-31,62.397953033447266,63.246563671314625,61.4495033856451,62.64754484558105,34319173
2024-08-01,63.19664764404297,64.09517590501476,62.348036985047024,62.64754640537095,50069907
2024-08-02,60.70072937011719,62.69746391392676,60.15162813226334,62.248197879875825,35195251
2024-08-05,56.65734100341797,58.50431887837976,55.50921715132683,57.8553824559329,51367351
2024-08-06,56.15815734863281,58.60415785262258,55.95848313858836,57.90530002170139,48593727
2024-08-07,58.15489196777344,58.65407558981441,56.45766689114037,56.55750590062984,44247119
2024-08-08,59.10334014892578,59.55260615934004,57.70562451840781,57.70562451840781,43719342
2024-08-09,57.85538101196289,59.652441241649385,57.306279804068225,59.20317523211059,32652977
2024-08-12,56.956851959228516,58.7039946807292,56.55750733653827,58.05505824068171,30906473
2024-08-13,58.25472640991211,58.25472640991211,56.4576661556686,56.60742276371754,34581985
2024-08-14,57.45603561401367,58.45440288379139,57.15652619477414,58.15489346455185,25520321
2024-08-15,58.604156494140625,58.75390929185101,56.95684906004552,57.55587167629315,30218220
2024-08-16,57.65570831298828,59.153259178260704,57.50595170307352,58.60415795602124,23237167
2024-08-19,58.753910064697266,58.85374907295283,57.65570763316729,57.95521704099649,22745522
2024-08-20,57.95521926879883,59.053425551012666,57.70562745126871,58.1548934845167,28174555
2024-08-21,56.50758361816406,58.35456527624655,56.30791321920919,57.65570745449828,26117163
2024-08-22,56.05832290649414,57.406117177713796,55.309547465045696,56.75717693840428,27944723
2024-08-23,55.010032653808594,56.40774829422104,54.66060564793985,55.95848228062641,27850817
2024-08-26,54.411014556884766,55.45929939674567,54.1614227469908,55.409381796460636,27668305
2024-08-27,56.40774917602539,56.45766677643431,54.26125808222275,54.4110146919183,36574618
2024-08-28,57.00676727294922,57.45603328785403,55.95848244381716,56.10823905160834,24028719
2024-08-29,58.304649353027344,58.85375058287984,56.10824062514851,57.006768871688365,32734135
2024-09-02,59.15325927734375,59.85211711066857,58.30464864232212,58.30464864232212,29417709
2024-09-03,57.55587387084961,59.35293417117547,57.456034860100544,59.15325995814619,23944935
2024-09-04,56.70726013183594,57.25636136823091,55.758810464352486,57.006769550917845,21959468
2024-09-05,57.4061164855957,58.00513530814484,56.60742345270726,56.8570152635142,30715782
2024-09-06,57.2563591003418,58.055055930882844,57.0067672929149,57.156523900758536,16075510
2024-09-09,55.908565521240234,57.35619878303753,55.908565521240234,57.05668937229607,17754464
2024-09-10,56.35783386230469,57.206444529094604,56.00840302832671,56.05832443922995,28094519
2024-09-11,54.81036376953125,57.10660769210215,54.6606071580395,56.85701587859512,37445725
2024-09-12,55.85865020751953,56.008403014786225,54.01166845014545,55.309548963937104,29329975
2024-09-13,58.25472640991211,58.60415722587005,55.45929892459234,55.95848254013047,26844490
2024-09-16,57.2563591003418,58.45440053768463,57.056688701175275,58.20480873025774,16299253
2024-09-17,58.00513458251953,58.40448299820243,57.45603336730711,57.50595096715028,17527220
2024-09-18,57.65570831298828,58.45440134610648,57.5558731120243,57.80546492290304,23483211
2024-09-19,58.55424118041992,58.65407638279033,57.70562672639612,58.20481035518582,36242935
2024-09-20,59.10334014892578,59.3030143544953,58.254725727372474,58.70399173778673,31901880
2024-09-23,59.20317840576172,59.95195385897574,58.90366898616989,59.50268782535355,35309263
2024-09-24,62.3480339050293,63.69582813413985,59.30301463330152,59.30301463330152,78142361
2024-09-25,61.0501594543457,62.747380749069045,61.0501594543457,62.098444315342135,30400995
2024-09-26,59.15325927734375,61.49942078014624,58.80383226491574,61.29975037788383,37548400
2024-09-27,59.15325927734375,59.75227810106857,58.40448384345332,59.20317687790935,28656470
2024-09-30,59.15325927734375,59.75227810106857,58.70399325531574,58.90366746604694,27972735
2024-10-01,58.304649353027344,59.70236122824562,57.006768871688365,59.25309520074127,37759264
2024-10-02,56.10824203491211,59.75228033074261,56.10824203491211,58.35456842040573,46633981
2024-10-03,57.70562744140625,58.50432049567233,55.75881050331031,56.25799413828522,42269757
2024-10-04,61.0501594543457,61.44950407314637,56.956851404474065,57.55587404537835,39808119
2024-10-07,58.90366744995117,61.49942076334116,58.45440142804592,61.49942076334116,27616198
2024-10-08,58.055057525634766,58.903668170809745,57.55587389706859,58.65407635652665,29016706
2024-10-09,58.654075622558594,58.753910823635,57.45603416729767,57.95521778961732,24880481
2024-10-10,56.607425689697266,58.9036696781694,56.357833869027054,58.65407785749919,22562691
2024-10-11,56.008399963378906,57.75554261225308,55.55913775758625,56.60742258521701,29313295
2024-10-14,55.25962448120117,57.35619794260827,54.910197475201024,56.15815650872832,42077682
2024-10-15,55.908565521240234,56.50758434272315,54.610688869048055,55.30954669975731,35292948
2024-10-16,56.956851959228516,57.05669097125275,55.758810474219985,56.65734254009361,27564873
2024-10-17,58.15489196777344,58.85374980032456,56.70725870216086,56.70725870216086,28678178
2024-10-18,59.25309371948242,60.550974168375895,58.803831511677956,59.00350191138272,34854332
2024-10-21,57.505950927734375,59.402850188224846,57.206441520411865,59.003501772815675,24244193
2024-10-22,58.25472640991211,58.80383143377905,56.90693217134666,57.605789994793795,29023761
2024-10-23,60.9004020690918,61.4495032932669,57.25636009402911,58.154892139747496,65759516
2024-10-24,60.75064468383789,61.19991070096716,60.1516258666447,60.1516258666447,34359414
2024-10-25,60.75064468383789,61.149993100945856,59.702359849515425,60.30138247517738,28316140
2024-10-28,60.101707458496094,60.800565274803816,60.101707458496094,60.30138166436526,7089169
2024-10-30,61.39958572387695,61.89876934764831,59.95195245324626,60.15162666444856,39535478
2024-10-31,60.75064468383789,62.54770875235498,60.550974283752666,61.149993100945856,32641509
2024-11-01,63.74574661254883,64.19501643973831,60.90040150809892,60.90040150809892,44140353
2024-11-04,63.39632034301758,65.29321964044816,62.84721911748836,64.39468759251392,48800889
2024-11-05,65.04362487792969,66.69093228827025,63.546074071608686,64.24492806778358,54259395
2024-11-06,63.44623947143555,65.59272682445378,62.8472206307023,64.84395136930277,40269872
2024-11-07,65.24330139160156,65.24330139160156,63.54608003201897,63.645915238417125,30815245
2024-11-08,65.14346313476562,66.24166558759636,64.6942009185423,64.94379273131918,35606906
2024-11-11,65.69256591796875,66.39141992301501,64.79403389938257,65.2932175078263,34627082
2024-11-12,65.8922348022461,67.19011520118643,65.59272159727918,65.74247819976264,38586169
2024-11-13,67.88896942138672,68.08863981408649,65.64264322729672,65.89223502664005,56324521
2024-11-14,68.2384033203125,68.98717879409122,67.28995743363467,68.18848952555672,36258173
2024-11-15,67.58946228027344,69.5861968541892,67.33987045853397,68.58782956723132,31127041
2024-11-18,67.3398666381836,67.78913646198924,66.39142081615636,67.58945844576313,25156586
2024-11-19,67.78913879394531,68.28832242627637,66.39142310003079,67.3398689546847,39450126
2024-11-20,65.8922348022461,67.98880438620284,65.29321600924948,67.38978559320623,25645008
2024-11-21,67.93889617919922,68.03873138341257,64.79403773638276,65.39305657860069,27754435
2024-11-22,68.38815307617188,69.1868498815006,67.68929908421217,67.68929908421217,37108888
2024-11-25,69.0,69.55000305175781,68.0999984741211,68.69999694824219,35049758
2024-11-26,67.55000305175781,69.44999694824219,67.4000015258789,69.05000305175781,24455130
2024-11-27,68.4000015258789,68.69999694824219,67.4000015258789,67.69999694824219,27601257
2024-11-28,70.1500015258789,70.1500015258789,68.4000015258789,68.4000015258789,28599089
2024-11-29,69.44999694824219,71.80000305175781,69.0,69.9000015258789,36825237
2024-12-02,70.19999694824219,70.3499984741211,69.30000305175781,69.44999694824219,21238229
2024-12-03,70.19999694824219,70.9000015258789,69.75,70.19999694824219,25353035
2024-12-04,70.30000305175781,71.4000015258789,69.9000015258789,70.44999694824219,30704942
2024-12-05,71.0,71.25,70.05000305175781,70.3499984741211,23510896
2024-12-06,71.19999694824219,71.6500015258789,70.5999984741211,71.30000305175781,23089633
2024-12-09,71.25,71.3499984741211,69.5,71.0,36646944
2024-12-10,71.0,71.6500015258789,70.0,71.19999694824219,28454917
2024-12-11,69.30000305175781,71.30000305175781,68.8499984741211,71.0,29563072
2024-12-12,69.19999694824219,70.5999984741211,69.0,69.5,21842593
2024-12-13,69.19999694824219,69.30000305175781,68.25,69.0,13791857
2024-12-16,67.55000305175781,69.30000305175781,67.5,69.25,16669227
2024-12-17,68.05000305175781,68.6500015258789,67.6500015258789,67.6500015258789,21700007
2024-12-18,70.75,71.0,67.4000015258789,68.0,45206572
2024-12-19,69.9000015258789,71.19999694824219,69.75,70.0999984741211,26172219
2024-12-20,69.80000305175781,71.0,69.0,70.1500015258789,22794354
2024-12-23,72.05000305175781,72.94999694824219,69.75,70.0,44640850
2024-12-24,72.6500015258789,73.44999694824219,70.8499984741211,72.05000305175781,35526356
2024-12-25,74.0,74.0,72.5,72.75,15689030
2024-12-26,74.4000015258789,74.6500015258789,72.9000015258789,74.0,21477208
2024-12-27,73.94999694824219,74.9000015258789,73.0,74.4000015258789,30264543
2024-12-30,73.19999694824219,74.6500015258789,73.19999694824219,74.0,15733468
2024-12-31,72.5,73.80000305175781,72.4000015258789,73.19999694824219,27815526
2025-01-02,73.5,73.80000305175781,72.19999694824219,72.94999694824219,26506697
2025-01-03,74.8499984741211,75.3499984741211,73.44999694824219,73.44999694824219,27667543
2025-01-06,75.5,75.80000305175781,74.5999984741211,75.30000305175781,21399430
2025-01-07,77.30000305175781,78.3499984741211,75.19999694824219,75.5,46375846
2025-01-08,76.5999984741211,77.94999694824219,76.1500015258789,77.05000305175781,28639553
2025-01-09,78.19999694824219,78.44999694824219,76.5,76.6500015258789,23867081
2025-01-10,78.3499984741211,79.69999694824219,77.5,77.9000015258789,27031090
2025-01-13,78.80000305175781,79.3499984741211,77.8499984741211,78.3499984741211,23151017
2025-01-14,78.55000305175781,80.25,78.19999694824219,78.5,33725336
2025-01-15,78.30000305175781,80.1500015258789,77.30000305175781,78.55000305175781,41783078
2025-01-16,80.25,80.55000305175781,77.44999694824219,78.3499984741211,30229393
2025-01-17,81.05000305175781,81.9000015258789,80.05000305175781,80.80000305175781,21433875
2025-01-20,82.3499984741211,82.4000015258789,80.94999694824219,81.30000305175781,19993143
2025-01-21,80.6500015258789,82.44999694824219,80.05000305175781,82.3499984741211,20518796
2025-01-22,82.0,82.0,80.1500015258789,80.75,19910869
2025-01-23,84.05000305175781,84.19999694824219,81.55000305175781,82.19999694824219,32844398
2025-01-24,85.1500015258789,85.55000305175781,83.4000015258789,84.0999984741211,24082576
2025-01-27,85.8499984741211,87.0,84.30000305175781,85.0,45575561
2025-01-28,89.6500015258789,89.94999694824219,84.6500015258789,85.8499984741211,51430881
2025-01-29,88.19999694824219,90.5999984741211,87.5,89.6500015258789,34854634
2025-01-30,88.80000305175781,89.25,87.19999694824219,88.19999694824219,24681032
2025-01-31,88.69999694824219,90.05000305175781,88.5,88.80000305175781,23591558
2025-02-03,88.25,89.0,87.44999694824219,88.1500015258789,20492281
2025-02-04,88.4000015258789,89.5999984741211,87.55000305175781,88.55000305175781,27977135
2025-02-05,86.19999694824219,88.75,85.5,88.5,32504292
2025-02-06,85.94999694824219,88.44999694824219,85.5999984741211,86.9000015258789,27242522
2025-02-07,85.69999694824219,86.3499984741211,85.05000305175781,85.94999694824219,22943950
2025-02-10,81.55000305175781,85.8499984741211,81.44999694824219,85.75,51630303
2025-02-11,81.75,82.30000305175781,81.0,81.3499984741211,24098781
2025-02-12,78.0999984741211,82.25,78.0999984741211,81.9000015258789,50265805
2025-02-13,79.6500015258789,80.19999694824219,77.25,78.19999694824219,48323805
2025-02-14,79.30000305175781,80.80000305175781,78.19999694824219,79.8499984741211,42286606
2025-02-17,80.69999694824219,80.9000015258789,79.0999984741211,79.30000305175781,30049968
2025-02-18,84.0,84.30000305175781,80.44999694824219,80.69999694824219,44845386
2025-02-19,83.80000305175781,85.05000305175781,83.30000305175781,83.75,27999402
2025-02-20,84.0999984741211,84.75,82.1500015258789,84.0,31337511
2025-02-21,82.75,84.1500015258789,81.6500015258789,84.05000305175781,20946566
2025-02-24,83.75,84.55000305175781,82.75,83.0999984741211,20137572
2025-02-25,81.0,84.5999984741211,80.6500015258789,84.05000305175781,33624825
2025-02-26,86.0,87.1500015258789,82.69999694824219,82.69999694824219,77775026
2025-02-27,90.0,90.3499984741211,85.05000305175781,86.0,86597843
2025-02-28,93.44999694824219,94.30000305175781,89.5,90.0,99828367
2025-03-03,98.05000305175781,99.55000305175781,93.55000305175781,94.0,78386555
2025-03-04,101.69999694824219,101.9000015258789,96.94999694824219,97.94999694824219,88344020
2025-03-05,105.4000015258789,106.0,100.30000305175781,102.0999984741211,75414801
2025-03-06,112.19999694824219,112.19999694824219,104.9000015258789,106.0,76781475
2025-03-07,108.19999694824219,114.0,105.69999694824219,112.0,96915667
2025-03-10,110.30000305175781,111.19999694824219,108.0,108.19999694824219,51755935
2025-03-11,117.0,118.5999984741211,109.69999694824219,110.30000305175781,90000097
2025-03-12,115.9000015258789,118.0999984741211,113.80000305175781,117.0999984741211,61955099
2025-03-13,116.30000305175781,119.9000015258789,114.19999694824219,116.0999984741211,72620847
2025-03-14,117.0999984741211,117.80000305175781,115.80000305175781,117.0999984741211,35017698
2025-03-17,121.69999694824219,121.9000015258789,117.0,117.30000305175781,57042667
2025-03-18,123.4000015258789,124.0,120.19999694824219,121.80000305175781,58847122
2025-03-19,112.30000305175781,123.0,111.0999984741211,117.69999694824219,78521688
2025-03-20,117.5,121.0,113.19999694824219,113.4000015258789,76894160
2025-03-21,110.5,117.69999694824219,108.0,117.5,69700458
